datetime,timestamp,open,high,low,close,volume
2025-12-01 08:00:00,1764576000000,86529.6,86882.4,86420.5,86882.4,51.26595612
2025-12-01 09:00:00,1764579600000,86882.4,86894.0,86518.5,86740.6,30.85917169
2025-12-01 10:00:00,1764583200000,86740.6,86798.5,86540.1,86646.1,53.11668886
2025-12-01 11:00:00,1764586800000,86646.1,86646.1,86122.1,86124.2,30.27194455
2025-12-01 12:00:00,1764590400000,86124.3,86216.1,84775.6,85384.9,499.56651059
2025-12-01 13:00:00,1764594000000,85385.0,86100.0,85349.9,86000.1,96.20287359
2025-12-01 14:00:00,1764597600000,86000.1,86632.5,85925.6,86070.0,196.44857941
2025-12-01 15:00:00,1764601200000,86070.0,86077.0,83870.8,84659.6,361.82771327
2025-12-01 16:00:00,1764604800000,84659.7,85394.0,84062.2,84520.0,364.11975408
2025-12-01 17:00:00,1764608400000,84520.0,85250.7,84461.8,84950.1,146.23446289
2025-12-01 18:00:00,1764612000000,84950.1,85484.0,84748.0,85223.4,83.73864832
2025-12-01 19:00:00,1764615600000,85223.4,85223.4,84659.4,85006.2,65.0063017
2025-12-01 20:00:00,1764619200000,85009.7,85807.7,85009.7,85484.3,89.04314048
2025-12-01 21:00:00,1764622800000,85484.3,86455.5,85484.2,86447.0,162.95897523
2025-12-01 22:00:00,1764626400000,86447.0,86868.8,86314.0,86597.6,70.08563547
2025-12-01 23:00:00,1764630000000,86597.7,86821.7,86282.7,86300.0,31.01969382
2025-12-02 00:00:00,1764633600000,86300.0,86641.1,86203.8,86516.0,40.2019447
2025-12-02 01:00:00,1764637200000,86516.0,87319.6,86417.2,86449.7,80.52162222
2025-12-02 02:00:00,1764640800000,86452.9,86840.7,86321.2,86536.2,19.97646539
2025-12-02 03:00:00,1764644400000,86536.2,87059.8,86213.0,86961.9,18.53840028
2025-12-02 04:00:00,1764648000000,86961.9,87227.1,86914.6,86998.7,42.35313444
2025-12-02 05:00:00,1764651600000,86998.7,87081.6,86868.2,87006.0,30.42409835
2025-12-02 06:00:00,1764655200000,87006.1,87172.2,86908.7,87132.4,25.38736166
2025-12-02 07:00:00,1764658800000,87132.4,87132.4,86909.1,87022.0,9.51100709
2025-12-02 08:00:00,1764662400000,87022.0,87025.1,86401.1,86401.2,32.72436603
2025-12-02 09:00:00,1764666000000,86401.2,86955.4,86401.2,86740.5,15.04095531
2025-12-02 10:00:00,1764669600000,86740.6,87558.8,86740.6,87279.6,80.20802097
2025-12-02 11:00:00,1764673200000,87278.9,87562.6,86989.8,87380.1,32.55779457
2025-12-02 12:00:00,1764676800000,87380.1,87511.5,87214.9,87247.9,57.84895379
2025-12-02 13:00:00,1764680400000,87247.9,87870.3,87099.5,87720.1,121.482268
2025-12-02 14:00:00,1764684000000,87720.1,89234.4,87622.4,89160.4,387.50764337
2025-12-02 15:00:00,1764687600000,89160.4,91171.4,89160.4,90908.8,417.36372767
2025-12-02 16:00:00,1764691200000,90908.8,91280.0,90276.7,90757.8,202.30426097
2025-12-02 17:00:00,1764694800000,90757.9,91982.0,90757.8,91472.9,162.18106563
2025-12-02 18:00:00,1764698400000,91472.9,92308.4,91428.0,91965.0,184.83557343
2025-12-02 19:00:00,1764702000000,91965.0,92307.7,91913.1,91913.1,69.75578858
2025-12-02 20:00:00,1764705600000,91913.2,91913.2,90775.0,91106.9,173.88334808
2025-12-02 21:00:00,1764709200000,91101.5,91647.7,91023.4,91647.6,52.22835474
2025-12-02 22:00:00,1764712800000,91647.7,91980.5,91595.7,91980.4,42.58042772
2025-12-02 23:00:00,1764716400000,91980.5,91999.0,91313.4,91313.5,89.10440707
2025-12-03 00:00:00,1764720000000,91313.5,91756.9,91033.4,91636.6,49.11569565
2025-12-03 01:00:00,1764723600000,91636.6,92474.7,91520.0,92245.1,101.00492765
2025-12-03 02:00:00,1764727200000,92245.1,92999.2,92206.0,92832.5,70.31707727
2025-12-03 03:00:00,1764730800000,92832.6,93055.0,92609.1,92700.0,33.08958441
2025-12-03 04:00:00,1764734400000,92693.5,93400.0,92690.7,93359.0,52.01943775
2025-12-03 05:00:00,1764738000000,93359.0,93656.8,93132.1,93656.8,94.18817797
2025-12-03 06:00:00,1764741600000,93656.8,93976.6,93167.5,93443.3,84.93290761
2025-12-03 07:00:00,1764745200000,93443.3,93449.9,92884.5,93009.1,38.91426613
2025-12-03 08:00:00,1764748800000,93009.1,93186.4,92741.2,92750.0,39.45166416
2025-12-03 09:00:00,1764752400000,92750.0,93207.4,92749.9,93207.0,34.76495912
2025-12-03 10:00:00,1764756000000,93207.1,93396.9,92908.9,92913.2,44.1205514
2025-12-03 11:00:00,1764759600000,92913.3,93274.0,92754.0,93018.0,86.2571152
2025-12-03 12:00:00,1764763200000,93018.0,93070.0,92754.0,92973.1,28.44946091
2025-12-03 13:00:00,1764766800000,92973.1,93270.1,92973.0,93141.5,87.48703563
2025-12-03 14:00:00,1764770400000,93141.6,93704.9,91768.8,92431.9,220.83422643
2025-12-03 15:00:00,1764774000000,92431.9,93001.6,91975.6,92359.8,228.26890663
2025-12-03 16:00:00,1764777600000,92359.8,92765.2,91850.0,92257.8,98.84360144
2025-12-03 17:00:00,1764781200000,92257.8,93051.5,92257.7,93043.9,69.75463287
2025-12-03 18:00:00,1764784800000,93043.9,93507.7,92400.5,92608.0,67.93351241
2025-12-03 19:00:00,1764788400000,92608.0,93084.1,92494.2,93020.0,182.66318233
2025-12-03 20:00:00,1764792000000,93020.0,93379.6,92868.4,92968.0,106.40747472
2025-12-03 21:00:00,1764795600000,92967.9,93750.0,92920.1,93712.8,41.19736822
2025-12-03 22:00:00,1764799200000,93711.1,94050.0,93330.0,93826.5,232.99017819
2025-12-03 23:00:00,1764802800000,93826.5,94051.6,93457.9,93457.9,70.37335518
2025-12-04 00:00:00,1764806400000,93458.0,93458.0,92731.8,93059.4,65.68868424
2025-12-04 01:00:00,1764810000000,93059.4,93769.8,93059.3,93200.3,32.11448677
2025-12-04 02:00:00,1764813600000,93200.4,94000.0,93200.3,93979.6,33.70455382
2025-12-04 03:00:00,1764817200000,93979.7,94000.0,93451.4,93549.9,27.11356265
2025-12-04 04:00:00,1764820800000,93549.9,93583.2,93300.0,93350.7,28.80190396
2025-12-04 05:00:00,1764824400000,93350.7,93378.6,92822.0,92997.6,33.86951336
2025-12-04 06:00:00,1764828000000,92997.6,93355.8,92908.6,93136.8,164.20874238
2025-12-04 07:00:00,1764831600000,93136.9,93390.6,92960.0,93390.5,22.24815997
2025-12-04 08:00:00,1764835200000,93390.6,93525.2,93126.9,93213.2,37.10197279
2025-12-04 09:00:00,1764838800000,93213.3,93570.1,93213.3,93474.6,16.4099241
2025-12-04 10:00:00,1764842400000,93474.6,93560.8,93171.8,93253.4,28.84522514
2025-12-04 11:00:00,1764846000000,93253.4,93266.9,92780.9,92916.8,46.77544149
2025-12-04 12:00:00,1764849600000,92916.8,93150.8,92800.3,93023.4,16.76673545
2025-12-04 13:00:00,1764853200000,93023.4,93023.4,92443.0,92577.4,80.70886697
2025-12-04 14:00:00,1764856800000,92577.4,92830.8,91869.9,91915.8,106.23489866
2025-12-04 15:00:00,1764860400000,91915.9,93200.0,91915.9,93058.3,108.66457776
2025-12-04 16:00:00,1764864000000,93058.3,93151.3,92309.9,92474.4,72.40315796
2025-12-04 17:00:00,1764867600000,92474.5,92517.0,91784.7,92448.8,141.37460023
2025-12-04 18:00:00,1764871200000,92448.8,92547.5,92000.0,92095.2,49.70048254
2025-12-04 19:00:00,1764874800000,92095.2,92129.9,90924.8,92005.0,211.4775439
2025-12-04 20:00:00,1764878400000,92005.1,92531.7,91729.1,92520.1,95.9937945
2025-12-04 21:00:00,1764882000000,92520.1,92693.7,92116.4,92174.1,19.57320657
2025-12-04 22:00:00,1764885600000,92174.2,92486.1,92174.2,92388.1,14.15558283
2025-12-04 23:00:00,1764889200000,92388.1,92475.3,92111.9,92142.6,25.70620549
2025-12-05 00:00:00,1764892800000,92142.6,92483.8,92126.4,92292.2,31.84141618
2025-12-05 01:00:00,1764896400000,92292.3,92610.0,92291.9,92376.9,25.40835653
2025-12-05 02:00:00,1764900000000,92376.9,92679.3,92295.5,92565.8,8.00808308
2025-12-05 03:00:00,1764903600000,92565.9,92613.5,91946.8,92139.8,53.99063162
2025-12-05 04:00:00,1764907200000,92139.9,92369.0,91825.2,92014.1,25.61214031
2025-12-05 05:00:00,1764910800000,92014.1,92174.2,91915.6,91915.7,7.49536086
2025-12-05 06:00:00,1764914400000,91915.7,92281.9,91915.7,92267.6,15.24041364
2025-12-05 07:00:00,1764918000000,92267.6,92500.0,92243.9,92244.0,16.30084648
2025-12-05 08:00:00,1764921600000,92244.0,92244.0,92000.0,92097.0,30.97197127
2025-12-05 09:00:00,1764925200000,92107.2,92109.3,91000.7,91133.5,58.92474541
2025-12-05 10:00:00,1764928800000,91133.6,91455.6,91130.5,91325.7,57.40197043
2025-12-05 11:00:00,1764932400000,91325.7,91541.7,91012.7,91343.7,27.2333239
2025-12-05 12:00:00,1764936000000,91343.7,91382.7,91090.8,91231.0,28.69408717
2025-12-05 13:00:00,1764939600000,91231.0,91339.3,90319.1,90489.9,115.45359992
2025-12-05 14:00:00,1764943200000,90490.0,90749.5,89909.2,90255.2,161.05011937
2025-12-05 15:00:00,1764946800000,90255.3,91490.0,90255.3,90434.8,305.15574893
2025-12-05 16:00:00,1764950400000,90434.8,90450.3,88095.2,88865.1,327.71856227
2025-12-05 17:00:00,1764954000000,88861.5,89500.0,88664.3,89362.4,80.54192632
2025-12-05 18:00:00,1764957600000,89362.5,89830.0,88943.4,88959.7,90.38598679
2025-12-05 19:00:00,1764961200000,88959.7,89821.2,88917.9,89731.1,48.45206941
2025-12-05 20:00:00,1764964800000,89731.1,89737.5,89260.0,89310.0,37.37668801
2025-12-05 21:00:00,1764968400000,89310.0,89476.6,89093.7,89193.4,29.60721324
2025-12-05 22:00:00,1764972000000,89193.4,89352.6,88914.8,89300.1,27.56875048
2025-12-05 23:00:00,1764975600000,89300.1,89332.4,88984.5,89332.4,19.11115615
2025-12-06 00:00:00,1764979200000,89332.4,89448.5,89107.2,89448.5,13.0574412
2025-12-06 01:00:00,1764982800000,89448.5,89449.9,89217.8,89314.4,51.68799482
2025-12-06 02:00:00,1764986400000,89314.4,89346.4,89215.8,89346.4,34.30097346
2025-12-06 03:00:00,1764990000000,89346.4,89750.0,89346.4,89700.1,47.98796678
2025-12-06 04:00:00,1764993600000,89700.0,89700.0,89577.5,89660.0,18.69541242
2025-12-06 05:00:00,1764997200000,89660.1,89713.5,89550.0,89620.0,10.04671992
2025-12-06 06:00:00,1765000800000,89620.0,89700.0,89570.1,89678.9,23.07056685
2025-12-06 07:00:00,1765004400000,89678.9,89699.9,89479.0,89592.9,66.44922332
2025-12-06 08:00:00,1765008000000,89592.9,89598.9,89253.8,89297.5,17.54170736
2025-12-06 09:00:00,1765011600000,89297.6,89664.5,89297.5,89639.7,10.01481515
2025-12-06 10:00:00,1765015200000,89639.7,89639.7,89496.6,89496.6,7.53166281
2025-12-06 11:00:00,1765018800000,89496.7,89700.0,89496.6,89635.4,19.91991079
2025-12-06 12:00:00,1765022400000,89635.4,89635.4,89590.0,89590.0,2.52282675
2025-12-06 13:00:00,1765026000000,89590.1,89764.8,89590.0,89674.8,17.79858492
2025-12-06 14:00:00,1765029600000,89674.8,90274.4,89674.7,90018.1,34.48826004
2025-12-06 15:00:00,1765033200000,90018.1,90018.1,89532.0,89775.1,35.84937771
2025-12-06 16:00:00,1765036800000,89775.1,89985.1,89700.0,89720.6,16.67316986
2025-12-06 17:00:00,1765040400000,89720.7,89788.6,89680.0,89727.5,13.89764007
2025-12-06 18:00:00,1765044000000,89727.5,89765.8,89620.0,89623.0,7.59656146
2025-12-06 19:00:00,1765047600000,89623.0,89763.7,89309.8,89430.5,34.33917169
2025-12-06 20:00:00,1765051200000,89430.5,89571.8,89350.6,89547.9,9.84712792
2025-12-06 21:00:00,1765054800000,89548.0,89566.0,89444.0,89444.0,8.53855948
2025-12-06 22:00:00,1765058400000,89444.0,89496.8,89271.3,89299.9,15.35806356
2025-12-06 23:00:00,1765062000000,89300.0,89309.9,88999.9,89240.1,18.94755806
2025-12-07 00:00:00,1765065600000,89240.1,89531.3,89232.9,89479.4,11.75573698
2025-12-07 01:00:00,1765069200000,89479.5,89538.9,89355.3,89355.4,5.28266883
2025-12-07 02:00:00,1765072800000,89355.4,89635.7,89355.3,89635.7,12.31098928
2025-12-07 03:00:00,1765076400000,89635.7,89732.5,89582.1,89722.0,8.8361598
2025-12-07 04:00:00,1765080000000,89722.1,89739.9,89509.9,89553.4,8.12017759
2025-12-07 05:00:00,1765083600000,89553.4,89553.4,89447.2,89485.0,7.19731627
2025-12-07 06:00:00,1765087200000,89485.0,89685.8,89484.9,89645.0,6.39499283
2025-12-07 07:00:00,1765090800000,89645.0,89718.8,89251.4,89374.7,5.51673071
2025-12-07 08:00:00,1765094400000,89374.7,89480.8,89251.4,89331.4,4.68777648
2025-12-07 09:00:00,1765098000000,89331.4,89370.4,89113.8,89125.4,4.50424094
2025-12-07 10:00:00,1765101600000,89125.4,89363.5,89118.8,89274.4,18.41202425
2025-12-07 11:00:00,1765105200000,89274.4,89274.4,89215.0,89215.1,9.47346388
2025-12-07 12:00:00,1765108800000,89215.1,89535.5,89175.6,89479.5,34.13392371
2025-12-07 13:00:00,1765112400000,89479.5,89479.5,88695.0,89064.0,47.38473714
2025-12-07 14:00:00,1765116000000,89064.0,89088.9,87777.0,88224.0,136.31554358
2025-12-07 15:00:00,1765119600000,88224.0,89717.8,88192.6,89539.8,65.09737862
2025-12-07 16:00:00,1765123200000,89539.9,89912.4,89171.6,89912.4,19.66519528
2025-12-07 17:00:00,1765126800000,89907.5,91219.8,89657.5,91010.1,140.27096512
2025-12-07 18:00:00,1765130400000,91010.1,91713.7,91010.0,91404.6,104.55376859
2025-12-07 19:00:00,1765134000000,91404.6,91502.0,91267.8,91359.8,20.21627714
2025-12-07 20:00:00,1765137600000,91359.9,91480.0,91359.9,91420.0,15.21934425
2025-12-07 21:00:00,1765141200000,91420.0,91420.0,89879.7,90235.8,118.602976
2025-12-07 22:00:00,1765144800000,90235.7,90235.8,89020.5,89625.3,67.99070519
2025-12-07 23:00:00,1765148400000,89625.3,90435.1,89582.0,90435.1,22.12082245
2025-12-08 00:00:00,1765152000000,90435.1,90565.4,89894.2,90399.5,24.2142264
2025-12-08 01:00:00,1765155600000,90399.5,91700.0,90343.6,90909.5,92.85951252
2025-12-08 02:00:00,1765159200000,90909.6,91415.6,90815.7,91372.6,40.99411029
2025-12-08 03:00:00,1765162800000,91366.6,91407.1,90989.9,91088.3,33.12699437
2025-12-08 04:00:00,1765166400000,91088.3,91460.9,91025.7,91264.6,42.15303148
2025-12-08 05:00:00,1765170000000,91264.6,91419.4,91050.8,91312.5,12.3065338
2025-12-08 06:00:00,1765173600000,91312.6,91653.6,91264.4,91454.3,42.67582719
2025-12-08 07:00:00,1765177200000,91454.3,91861.0,91362.2,91569.3,48.58507061
2025-12-08 08:00:00,1765180800000,91569.3,91916.5,91507.9,91852.7,44.16402729
2025-12-08 09:00:00,1765184400000,91825.7,92269.6,91800.2,91914.1,72.03129911
2025-12-08 10:00:00,1765188000000,91914.2,92198.6,91826.4,92130.0,60.60018279
2025-12-08 11:00:00,1765191600000,92130.0,92161.7,91895.8,91954.0,20.9164087
2025-12-08 12:00:00,1765195200000,91954.0,91979.1,91678.5,91764.7,24.95779997
2025-12-08 13:00:00,1765198800000,91764.7,92096.3,91337.3,91415.7,40.21107265
2025-12-08 14:00:00,1765202400000,91415.7,91735.6,90768.8,90863.2,119.09753918
2025-12-08 15:00:00,1765206000000,90852.5,90968.0,89615.8,89972.6,286.09247827
2025-12-08 16:00:00,1765209600000,89971.8,90456.8,89705.1,89954.3,98.33512919
2025-12-08 17:00:00,1765213200000,89954.3,90320.8,89721.8,90239.1,76.33488228
2025-12-08 18:00:00,1765216800000,90239.1,90516.1,89724.3,89890.3,106.09039619
2025-12-08 19:00:00,1765220400000,89890.3,90337.5,89856.5,90101.4,53.00058852
2025-12-08 20:00:00,1765224000000,90101.4,90914.2,90101.4,90798.9,161.29493216
2025-12-08 21:00:00,1765227600000,90788.8,91393.1,90693.7,91339.9,134.68026574
2025-12-08 22:00:00,1765231200000,91333.7,91370.9,90759.6,90859.9,65.26908002
2025-12-08 23:00:00,1765234800000,90859.9,90999.7,90535.0,90650.1,26.4215404
2025-12-09 00:00:00,1765238400000,90650.1,90834.7,90363.8,90395.8,24.06556406
2025-12-09 01:00:00,1765242000000,90395.8,90551.7,89959.9,90056.4,58.257176
2025-12-09 02:00:00,1765245600000,90056.5,90362.6,90008.9,90057.0,177.77807711
2025-12-09 03:00:00,1765249200000,90057.0,90424.3,89818.7,90424.2,62.80362403
2025-12-09 04:00:00,1765252800000,90424.3,90496.5,89756.8,89929.7,42.18907393
2025-12-09 05:00:00,1765256400000,89929.7,90195.8,89545.1,89906.6,106.72965571
2025-12-09 06:00:00,1765260000000,89906.6,90207.5,89790.6,90159.9,19.10573746
2025-12-09 07:00:00,1765263600000,90159.9,90520.4,90101.6,90476.2,28.90831593
2025-12-09 08:00:00,1765267200000,90476.3,90599.4,90391.1,90488.3,41.93764968
2025-12-09 09:00:00,1765270800000,90490.9,90490.9,90158.9,90159.5,17.56414139
2025-12-09 10:00:00,1765274400000,90159.5,90315.9,89900.1,90266.3,40.63117351
2025-12-09 11:00:00,1765278000000,90266.3,90381.5,90171.1,90381.5,29.28156881
2025-12-09 12:00:00,1765281600000,90381.5,90673.1,90343.4,90597.8,40.18600797
2025-12-09 13:00:00,1765285200000,90597.9,90819.0,90186.0,90412.3,57.41407304
2025-12-09 14:00:00,1765288800000,90412.3,90611.0,90025.8,90335.8,48.74593664
2025-12-09 15:00:00,1765292400000,90335.8,92850.0,90313.5,92680.7,234.60429056
2025-12-09 16:00:00,1765296000000,92695.2,94474.8,92695.1,94192.4,418.60478281
2025-12-09 17:00:00,1765299600000,94192.5,94583.7,93543.5,93896.4,187.82543367
2025-12-09 18:00:00,1765303200000,93896.4,94163.3,93664.0,93927.8,86.0160085
2025-12-09 19:00:00,1765306800000,93927.8,94191.7,93669.8,93809.2,68.41688291
2025-12-09 20:00:00,1765310400000,93809.3,93810.4,92787.4,93092.8,128.55680772
2025-12-09 21:00:00,1765314000000,93102.7,93233.6,92266.7,92681.3,84.41149144
2025-12-09 22:00:00,1765317600000,92652.0,93018.3,92514.2,92881.6,72.1482708
2025-12-09 23:00:00,1765321200000,92881.7,92971.1,92558.2,92702.2,34.75913295
2025-12-10 00:00:00,1765324800000,92702.2,92779.9,92107.9,92158.9,105.2636893
2025-12-10 01:00:00,1765328400000,92158.9,92414.3,92000.0,92337.2,53.35438524
2025-12-10 02:00:00,1765332000000,92337.2,92586.5,92052.4,92503.7,41.73709595
2025-12-10 03:00:00,1765335600000,92503.7,92550.0,92347.7,92429.6,6.97495442
2025-12-10 04:00:00,1765339200000,92429.6,92650.0,92413.2,92580.9,21.18950008
2025-12-10 05:00:00,1765342800000,92580.9,92720.7,92550.7,92558.5,38.44924834
2025-12-10 06:00:00,1765346400000,92558.5,92739.8,92415.5,92707.5,17.75834086
2025-12-10 07:00:00,1765350000000,92707.5,92779.9,92501.7,92779.9,12.79115278
2025-12-10 08:00:00,1765353600000,92779.9,92779.9,92579.6,92649.7,11.9643994
2025-12-10 09:00:00,1765357200000,92649.8,92960.5,92440.4,92939.9,59.9489128
2025-12-10 10:00:00,1765360800000,92939.9,93233.3,92158.9,92281.6,87.62975927
2025-12-10 11:00:00,1765364400000,92281.6,92426.5,91805.9,92134.4,98.70652576
2025-12-10 12:00:00,1765368000000,92134.4,92189.9,91846.0,92008.0,51.41920819
2025-12-10 13:00:00,1765371600000,92008.0,92216.2,91946.7,92083.0,119.2807855
2025-12-10 14:00:00,1765375200000,92083.0,92099.8,91636.7,91841.9,81.07884146
2025-12-10 15:00:00,1765378800000,91841.9,92139.7,91599.0,92069.9,67.74936527
2025-12-10 16:00:00,1765382400000,92069.9,92584.1,91923.3,92159.3,118.98874566
2025-12-10 17:00:00,1765386000000,92164.2,92493.6,92104.5,92371.3,41.28847975
2025-12-10 18:00:00,1765389600000,92371.3,93018.6,92006.5,92526.6,81.67090356
2025-12-10 19:00:00,1765393200000,92503.5,93233.3,91673.5,92963.9,315.58742099
2025-12-10 20:00:00,1765396800000,92964.7,94489.0,92311.0,92450.7,443.50026961
2025-12-10 21:00:00,1765400400000,92450.8,92798.6,91902.8,92379.7,90.10584272
2025-12-10 22:00:00,1765404000000,92379.7,92686.6,92000.3,92535.1,83.74750827
2025-12-10 23:00:00,1765407600000,92535.1,92584.7,91972.0,92019.8,47.8316115
2025-12-11 00:00:00,1765411200000,92019.8,92096.5,91100.0,91402.4,186.50231771
2025-12-11 01:00:00,1765414800000,91402.5,91419.9,90700.0,90719.9,67.12481996
2025-12-11 02:00:00,1765418400000,90719.8,90719.8,89905.0,90079.3,151.57214308
2025-12-11 03:00:00,1765422000000,90086.8,90086.8,89423.0,89887.3,128.81768942
2025-12-11 04:00:00,1765425600000,89887.3,90467.7,89737.6,90454.3,51.69037911
2025-12-11 05:00:00,1765429200000,90454.4,90454.4,90104.3,90299.8,23.72812356
2025-12-11 06:00:00,1765432800000,90299.9,90429.9,90027.1,90300.4,24.35506223
2025-12-11 07:00:00,1765436400000,90300.5,90318.8,90101.0,90249.9,23.15195781
2025-12-11 08:00:00,1765440000000,90249.9,90265.3,90009.9,90202.1,22.05932715
2025-12-11 09:00:00,1765443600000,90202.1,90495.1,90175.6,90226.6,38.33267869
2025-12-11 10:00:00,1765447200000,90239.9,90350.5,90195.0,90350.4,23.31008646
2025-12-11 11:00:00,1765450800000,90350.5,90400.0,90236.7,90274.7,23.74338662
2025-12-11 12:00:00,1765454400000,90274.7,90383.3,90030.0,90030.8,54.94809032
2025-12-11 13:00:00,1765458000000,90030.2,90135.3,89905.0,90089.9,60.68613442
2025-12-11 14:00:00,1765461600000,90089.9,90495.1,89281.4,89560.1,180.86965282
2025-12-11 15:00:00,1765465200000,89556.8,90662.1,89427.3,89912.7,147.02674782
2025-12-11 16:00:00,1765468800000,89912.6,90163.1,89372.3,89709.1,103.38830619
2025-12-11 17:00:00,1765472400000,89709.1,90239.9,89660.6,89990.1,85.47467552
2025-12-11 18:00:00,1765476000000,89990.1,91190.5,89918.7,90702.5,164.28473993
2025-12-11 19:00:00,1765479600000,90705.1,91551.0,90616.0,90834.3,148.98308539
2025-12-11 20:00:00,1765483200000,90836.1,91847.0,90801.9,91812.4,139.99213271
2025-12-11 21:00:00,1765486800000,91801.6,93561.8,91735.7,92885.3,300.01030705
2025-12-11 22:00:00,1765490400000,92885.4,93187.3,92134.6,92454.8,104.55228087
2025-12-11 23:00:00,1765494000000,92400.1,92810.0,92355.3,92541.0,48.85450291
2025-12-12 00:00:00,1765497600000,92541.0,92629.9,91496.5,91562.8,86.12575756
2025-12-12 01:00:00,1765501200000,91562.9,92298.8,91562.9,92149.3,65.77334764
2025-12-12 02:00:00,1765504800000,92149.3,92730.4,91973.1,92585.4,38.72567345
2025-12-12 03:00:00,1765508400000,92585.4,92751.0,92204.3,92317.3,21.4740854
2025-12-12 04:00:00,1765512000000,92317.3,92441.7,92166.0,92379.8,14.15544708
2025-12-12 05:00:00,1765515600000,92379.9,92500.0,92106.8,92449.0,28.72075548
2025-12-12 06:00:00,1765519200000,92449.0,92709.5,92448.9,92510.0,19.49098532
2025-12-12 07:00:00,1765522800000,92510.0,92549.9,92285.5,92445.2,26.17200165
2025-12-12 08:00:00,1765526400000,92442.4,92464.6,92144.5,92332.0,27.35503407
2025-12-12 09:00:00,1765530000000,92336.2,92541.2,92115.4,92541.2,17.46981645
2025-12-12 10:00:00,1765533600000,92541.2,92619.9,92420.6,92508.6,30.43134471
2025-12-12 11:00:00,1765537200000,92508.7,92508.7,92306.7,92401.1,20.9583625
2025-12-12 12:00:00,1765540800000,92401.1,92429.7,92111.6,92429.6,65.34061963
2025-12-12 13:00:00,1765544400000,92429.7,92524.2,92254.5,92307.1,125.6301266
2025-12-12 14:00:00,1765548000000,92307.1,92653.8,91933.0,92475.2,80.37123943
2025-12-12 15:00:00,1765551600000,92474.0,92474.0,89763.4,89926.8,314.84800743
2025-12-12 16:00:00,1765555200000,89922.7,90458.5,89500.0,90058.1,183.91330516
2025-12-12 17:00:00,1765558800000,90061.3,90661.5,89854.4,90079.9,89.85560004
2025-12-12 18:00:00,1765562400000,90079.9,90670.1,90076.2,90374.2,94.05780773
2025-12-12 19:00:00,1765566000000,90379.9,90389.9,90044.1,90210.1,100.58282621
2025-12-12 20:00:00,1765569600000,90210.1,90344.1,89915.7,90209.2,94.82821783
2025-12-12 21:00:00,1765573200000,90209.2,90339.9,90116.8,90199.7,30.36631753
2025-12-12 22:00:00,1765576800000,90199.7,90412.0,90199.6,90323.8,26.79417217
2025-12-12 23:00:00,1765580400000,90329.9,90393.3,90253.0,90277.2,34.68439879
2025-12-13 00:00:00,1765584000000,90277.2,90423.0,90221.1,90322.6,18.45553514
2025-12-13 01:00:00,1765587600000,90322.6,90358.6,90124.5,90232.7,23.14099829
2025-12-13 02:00:00,1765591200000,90232.7,90319.2,90229.2,90244.9,7.03692267
2025-12-13 03:00:00,1765594800000,90244.9,90459.5,90225.0,90340.9,6.68121558
2025-12-13 04:00:00,1765598400000,90341.0,90411.4,90273.3,90372.4,12.28203989
2025-12-13 05:00:00,1765602000000,90372.4,90385.9,90283.8,90346.3,6.96896242
2025-12-13 06:00:00,1765605600000,90346.3,90370.1,90283.2,90370.1,7.73164385
2025-12-13 07:00:00,1765609200000,90370.1,90399.0,90336.5,90341.7,5.26015835
2025-12-13 08:00:00,1765612800000,90341.7,90569.9,90341.6,90439.9,19.86564976
2025-12-13 09:00:00,1765616400000,90439.9,90499.9,90400.0,90419.9,8.76703121
2025-12-13 10:00:00,1765620000000,90419.9,90629.9,90419.9,90586.6,18.26459212
2025-12-13 11:00:00,1765623600000,90586.7,90592.9,90339.5,90359.2,34.29656555
2025-12-13 12:00:00,1765627200000,90359.2,90489.9,90300.1,90339.8,6.44646608
2025-12-13 13:00:00,1765630800000,90339.9,90434.8,90236.7,90265.6,10.63651807
2025-12-13 14:00:00,1765634400000,90265.6,90338.1,89955.3,90088.5,28.65476929
2025-12-13 15:00:00,1765638000000,90088.5,90290.6,90059.2,90109.9,14.73478631
2025-12-13 16:00:00,1765641600000,90109.9,90283.9,90052.9,90100.1,10.86681722
2025-12-13 17:00:00,1765645200000,90100.1,90100.1,89994.2,90055.1,24.80419264
2025-12-13 18:00:00,1765648800000,90055.1,90180.9,90055.1,90112.0,10.30460582
2025-12-13 19:00:00,1765652400000,90112.1,90226.8,90112.0,90193.3,9.09317815
2025-12-13 20:00:00,1765656000000,90193.4,90218.1,90076.8,90080.9,39.15503233
2025-12-13 21:00:00,1765659600000,90097.5,90181.0,89797.1,90179.5,54.03198732
2025-12-13 22:00:00,1765663200000,90179.4,90247.3,90030.2,90141.7,7.17621264
2025-12-13 23:00:00,1765666800000,90141.7,90282.0,90089.8,90254.1,12.67472487
2025-12-14 00:00:00,1765670400000,90254.2,90467.7,90151.2,90359.6,16.70439154
2025-12-14 01:00:00,1765674000000,90359.7,90446.4,90213.9,90298.7,121.87643397
2025-12-14 02:00:00,1765677600000,90298.7,90386.6,90274.0,90280.2,11.65458947
2025-12-14 03:00:00,1765681200000,90280.2,90290.0,90266.3,90266.5,10.14373799
2025-12-14 04:00:00,1765684800000,90266.5,90310.0,90142.2,90196.8,18.54996754
2025-12-14 05:00:00,1765688400000,90196.8,90217.7,90023.0,90197.5,28.59103882
2025-12-14 06:00:00,1765692000000,90197.6,90231.0,90100.0,90161.3,5.54629198
2025-12-14 07:00:00,1765695600000,90161.3,90271.1,90100.0,90255.6,7.70947522
2025-12-14 08:00:00,1765699200000,90255.7,90274.0,90127.0,90127.1,6.0850935
2025-12-14 09:00:00,1765702800000,90127.1,90149.9,90020.3,90027.1,15.94511657
2025-12-14 10:00:00,1765706400000,90027.1,90133.7,89808.0,89848.6,27.09360339
2025-12-14 11:00:00,1765710000000,89848.6,89856.5,88667.1,89398.4,270.98932026
2025-12-14 12:00:00,1765713600000,89398.5,89654.9,89115.0,89441.4,69.78157392
2025-12-14 13:00:00,1765717200000,89441.4,89490.7,89110.2,89490.7,74.85182189
2025-12-14 14:00:00,1765720800000,89497.7,89548.4,88900.0,89100.9,44.26105876
2025-12-14 15:00:00,1765724400000,89100.9,89159.9,88861.1,89020.1,62.01198955
2025-12-14 16:00:00,1765728000000,89020.1,89399.4,88539.6,88825.5,63.82385155
2025-12-14 17:00:00,1765731600000,88825.5,89039.4,88623.7,88822.3,41.99451629
2025-12-14 18:00:00,1765735200000,88822.3,89070.6,88740.3,89024.3,28.19873551
2025-12-14 19:00:00,1765738800000,89024.3,89024.3,88514.4,88658.2,28.63801292
2025-12-14 20:00:00,1765742400000,88658.3,88813.0,88370.3,88591.6,54.64514453
2025-12-14 21:00:00,1765746000000,88591.6,88710.4,88354.6,88467.4,25.38351965
2025-12-14 22:00:00,1765749600000,88467.4,88620.9,88036.8,88440.6,84.7834
2025-12-14 23:00:00,1765753200000,88440.6,88600.0,87582.5,88163.0,131.91755444
2025-12-15 00:00:00,1765756800000,88163.0,88713.2,88059.3,88459.1,159.13821357
2025-12-15 01:00:00,1765760400000,88459.1,89335.0,88450.0,89250.2,117.51710263
2025-12-15 02:00:00,1765764000000,89251.7,90038.8,89251.7,89304.7,114.20136294
2025-12-15 03:00:00,1765767600000,89304.7,89553.9,89249.3,89275.0,40.3441734
2025-12-15 04:00:00,1765771200000,89275.0,89776.2,89275.0,89660.1,21.17789516
2025-12-15 05:00:00,1765774800000,89660.1,89770.3,89500.0,89602.3,32.07775775
2025-12-15 06:00:00,1765778400000,89602.4,89908.2,89482.0,89756.0,29.74966947
2025-12-15 07:00:00,1765782000000,89756.0,89824.0,89529.4,89746.7,34.89205816
2025-12-15 08:00:00,1765785600000,89746.7,89909.9,89661.6,89797.0,15.4332322
2025-12-15 09:00:00,1765789200000,89791.0,89963.1,89783.3,89854.6,41.44522692
2025-12-15 10:00:00,1765792800000,89854.6,89949.8,89721.0,89869.8,127.63956841
2025-12-15 11:00:00,1765796400000,89869.9,89882.2,89588.8,89642.0,54.77023797
2025-12-15 12:00:00,1765800000000,89642.0,89747.5,89443.4,89693.8,20.58980881
2025-12-15 13:00:00,1765803600000,89693.8,89721.8,89281.5,89431.0,32.46466111
2025-12-15 14:00:00,1765807200000,89431.1,89846.4,87830.0,88048.7,235.88145707
2025-12-15 15:00:00,1765810800000,88048.7,88189.8,86604.5,87031.3,398.31335745
2025-12-15 16:00:00,1765814400000,87031.3,87212.3,86062.6,86405.2,222.70268896
2025-12-15 17:00:00,1765818000000,86405.2,86476.2,85608.2,85731.6,172.09830832
2025-12-15 18:00:00,1765821600000,85731.6,86287.1,85151.5,86179.1,257.06167938
2025-12-15 19:00:00,1765825200000,86179.2,86549.4,85869.9,86135.1,100.26643062
2025-12-15 20:00:00,1765828800000,86134.0,86159.7,85609.5,85770.4,77.79465537
2025-12-15 21:00:00,1765832400000,85776.5,86259.1,85519.6,86198.1,82.74274162
2025-12-15 22:00:00,1765836000000,86198.1,86230.0,85818.6,86229.9,82.77628615
2025-12-15 23:00:00,1765839600000,86230.0,86459.9,86127.1,86434.3,54.98091186
2025-12-16 00:00:00,1765843200000,86434.3,86494.9,85826.2,85832.2,166.87213292
2025-12-16 01:00:00,1765846800000,85832.3,86139.4,85671.2,85885.7,54.07909151
2025-12-16 02:00:00,1765850400000,85885.7,86197.0,85800.0,85912.3,70.85490795
2025-12-16 03:00:00,1765854000000,85912.3,85980.1,85353.8,85858.5,74.09661848
2025-12-16 04:00:00,1765857600000,85854.3,85892.1,85263.6,85794.3,24.41017949
2025-12-16 05:00:00,1765861200000,85794.3,86166.0,85791.4,86010.4,36.81714614
2025-12-16 06:00:00,1765864800000,86010.5,86570.2,86010.4,86493.6,63.51488083
2025-12-16 07:00:00,1765868400000,86493.6,86569.9,85856.4,86000.1,37.09770548
2025-12-16 08:00:00,1765872000000,86000.1,86340.5,85920.8,86239.9,33.72779627
2025-12-16 09:00:00,1765875600000,86239.9,86380.0,86195.7,86321.7,10.43901703
2025-12-16 10:00:00,1765879200000,86321.7,87300.0,86258.8,86969.4,264.13672952
2025-12-16 11:00:00,1765882800000,86969.4,87294.7,86800.1,87243.7,68.51531922
2025-12-16 12:00:00,1765886400000,87243.7,87450.0,87059.3,87207.8,68.34409645
2025-12-16 13:00:00,1765890000000,87207.8,87747.0,86435.2,86435.2,252.98350058
2025-12-16 14:00:00,1765893600000,86434.7,87703.2,86083.3,87256.9,234.37316045
2025-12-16 15:00:00,1765897200000,87257.0,88121.3,86851.1,87936.1,184.13080409
2025-12-16 16:00:00,1765900800000,87936.2,88019.9,87388.9,87574.1,174.83503164
2025-12-16 17:00:00,1765904400000,87574.1,87815.7,87112.0,87112.1,216.04983603
2025-12-16 18:00:00,1765908000000,87112.1,87984.0,87070.1,87739.9,120.32463154
2025-12-16 19:00:00,1765911600000,87739.9,87762.4,87279.6,87573.0,74.44605375
2025-12-16 20:00:00,1765915200000,87573.1,87800.0,87350.3,87563.2,60.62720568
2025-12-16 21:00:00,1765918800000,87550.6,87893.0,87472.7,87763.9,80.76806102
2025-12-16 22:00:00,1765922400000,87746.2,87886.8,87631.8,87764.2,29.2931479
2025-12-16 23:00:00,1765926000000,87764.3,87846.9,87601.0,87840.7,24.05205643
2025-12-17 00:00:00,1765929600000,87840.7,87840.7,87411.1,87514.4,22.93733056
2025-12-17 01:00:00,1765933200000,87514.4,87915.9,87497.1,87514.3,39.25017424
2025-12-17 02:00:00,1765936800000,87514.3,87552.2,87181.1,87460.0,36.38404561
2025-12-17 03:00:00,1765940400000,87460.0,87588.2,87127.5,87192.3,11.00391287
2025-12-17 04:00:00,1765944000000,87192.3,87360.0,86701.7,86739.9,23.90407524
2025-12-17 05:00:00,1765947600000,86739.9,86739.9,86176.6,86600.5,71.364828
2025-12-17 06:00:00,1765951200000,86600.5,86944.9,86575.7,86741.3,64.26440048
2025-12-17 07:00:00,1765954800000,86741.3,87088.5,86591.1,87022.6,54.73426161
2025-12-17 08:00:00,1765958400000,87022.6,87022.6,86299.6,86329.9,24.93919635
2025-12-17 09:00:00,1765962000000,86330.0,86550.2,86245.4,86401.1,29.81014373
2025-12-17 10:00:00,1765965600000,86401.1,86775.0,86221.0,86570.8,58.5460266
2025-12-17 11:00:00,1765969200000,86570.8,87107.9,86566.3,86958.6,119.95086357
2025-12-17 12:00:00,1765972800000,86958.6,87160.4,86799.1,87000.0,203.25040337
2025-12-17 13:00:00,1765976400000,87000.0,87808.0,86800.1,87598.8,138.48169607
2025-12-17 14:00:00,1765980000000,87598.8,89658.1,87174.8,89637.7,391.59808035
2025-12-17 15:00:00,1765983600000,89627.1,90318.3,87096.9,87204.5,748.02268753
2025-12-17 16:00:00,1765987200000,87204.5,87709.8,86114.3,86965.8,366.9464355
2025-12-17 17:00:00,1765990800000,86965.8,87074.3,86250.0,86396.2,89.67572176
2025-12-17 18:00:00,1765994400000,86396.2,86788.6,85609.8,85771.7,113.71492679
2025-12-17 19:00:00,1765998000000,85771.7,86150.0,85282.2,85981.3,214.68720433
2025-12-17 20:00:00,1766001600000,85982.1,86200.0,85630.0,85843.4,72.75791891
2025-12-17 21:00:00,1766005200000,85855.1,86008.1,85684.3,85938.9,74.23121499
2025-12-17 22:00:00,1766008800000,85950.4,86401.8,85880.0,86308.8,74.96712922
2025-12-17 23:00:00,1766012400000,86308.9,86308.9,85928.4,86207.8,53.12509896
2025-12-18 00:00:00,1766016000000,86205.5,86268.3,86018.7,86197.5,33.67104274
2025-12-18 01:00:00,1766019600000,86197.5,86197.5,85846.1,86089.0,32.16324945
2025-12-18 02:00:00,1766023200000,86089.0,86828.0,85980.3,86643.9,53.13540392
2025-12-18 03:00:00,1766026800000,86643.9,86643.9,86250.0,86554.2,14.76055319
2025-12-18 04:00:00,1766030400000,86554.2,86840.6,86554.1,86726.3,17.38885419
2025-12-18 05:00:00,1766034000000,86726.4,86726.4,86358.3,86403.9,11.12240911
2025-12-18 06:00:00,1766037600000,86403.9,86599.8,86381.7,86599.8,23.01155303
2025-12-18 07:00:00,1766041200000,86599.9,86820.7,86566.6,86799.6,23.29826584
2025-12-18 08:00:00,1766044800000,86799.6,87063.9,86680.5,86938.0,41.5972237
2025-12-18 09:00:00,1766048400000,86938.0,87331.7,86773.2,87250.1,42.56754356
2025-12-18 10:00:00,1766052000000,87250.1,87402.8,87200.0,87283.2,22.41257048
2025-12-18 11:00:00,1766055600000,87284.1,87290.9,87050.8,87221.5,62.40342564
2025-12-18 12:00:00,1766059200000,87223.8,87373.7,87089.1,87189.8,22.23947219
2025-12-18 13:00:00,1766062800000,87189.9,89136.0,87189.9,88815.1,418.71524005
2025-12-18 14:00:00,1766066400000,88815.1,89437.1,87664.3,88292.6,310.66506567
2025-12-18 15:00:00,1766070000000,88292.6,89300.0,87932.2,88452.8,297.14654893
2025-12-18 16:00:00,1766073600000,88452.8,88464.9,87822.9,87970.2,138.73344966
2025-12-18 17:00:00,1766077200000,87970.2,87970.2,85444.0,86440.8,476.00878729
2025-12-18 18:00:00,1766080800000,86441.8,86814.6,85688.0,85932.4,303.1468747
2025-12-18 19:00:00,1766084400000,85927.4,85970.3,84456.5,84465.0,333.81836227
2025-12-18 20:00:00,1766088000000,84465.1,85217.4,84421.4,84541.4,162.14354097
2025-12-18 21:00:00,1766091600000,84559.7,85775.0,84533.6,85590.8,111.43310315
2025-12-18 22:00:00,1766095200000,85590.8,85691.5,85230.7,85539.5,74.87780783
2025-12-18 23:00:00,1766098800000,85539.5,85569.9,85288.1,85462.5,45.82735064
2025-12-19 00:00:00,1766102400000,85461.0,85553.9,85232.0,85540.9,146.54881495
2025-12-19 01:00:00,1766106000000,85541.0,85541.0,85077.0,85291.6,101.54303394
2025-12-19 02:00:00,1766109600000,85291.6,85856.4,85087.9,85615.4,39.444754
2025-12-19 03:00:00,1766113200000,85615.5,87499.6,85567.5,86803.8,189.77432123
2025-12-19 04:00:00,1766116800000,86820.1,87300.9,86803.4,87052.4,63.32914306
2025-12-19 05:00:00,1766120400000,87028.3,87174.3,86624.7,87091.7,23.08790259
2025-12-19 06:00:00,1766124000000,87091.7,87432.0,86854.4,87431.9,25.83975508
2025-12-19 07:00:00,1766127600000,87432.0,88323.9,87432.0,87870.6,162.64460287
2025-12-19 08:00:00,1766131200000,87870.7,88137.1,87685.0,88070.0,66.09978651
2025-12-19 09:00:00,1766134800000,88070.0,88086.6,87849.3,88029.9,45.78691829
2025-12-19 10:00:00,1766138400000,88030.0,88259.4,87889.7,88215.0,66.7464661
2025-12-19 11:00:00,1766142000000,88215.0,88301.2,88103.0,88139.7,42.20402567
2025-12-19 12:00:00,1766145600000,88139.7,88206.8,87764.2,87792.4,105.6572943
2025-12-19 13:00:00,1766149200000,87792.5,88140.2,87770.9,87940.4,110.7586008
2025-12-19 14:00:00,1766152800000,87940.5,88500.0,87463.0,88145.9,185.2145037
2025-12-19 15:00:00,1766156400000,88145.9,89335.0,87652.0,87924.9,394.24952845
2025-12-19 16:00:00,1766160000000,87925.0,88811.3,87825.9,87914.9,92.50466901
2025-12-19 17:00:00,1766163600000,87914.9,88263.3,86838.0,86918.5,232.55522741
2025-12-19 18:00:00,1766167200000,86916.9,87423.7,86809.5,87089.2,64.43649766
2025-12-19 19:00:00,1766170800000,87089.2,88037.9,87079.0,87782.2,114.05889853
2025-12-19 20:00:00,1766174400000,87786.0,88340.7,87550.0,87997.2,107.71764553
2025-12-19 21:00:00,1766178000000,88003.3,88019.1,87763.2,87780.5,48.33012953
2025-12-19 22:00:00,1766181600000,87780.5,88343.6,87780.5,88274.7,131.3003036
2025-12-19 23:00:00,1766185200000,88274.7,88306.8,88104.6,88105.2,20.39505492
2025-12-20 00:00:00,1766188800000,88105.2,88139.1,87943.0,87981.4,23.80155931
2025-12-20 01:00:00,1766192400000,87981.4,88121.4,87974.7,88016.8,6.5959027
2025-12-20 02:00:00,1766196000000,88016.8,88248.0,87955.2,88162.9,34.26154572
2025-12-20 03:00:00,1766199600000,88162.9,88299.9,88147.9,88183.7,17.90368598
2025-12-20 04:00:00,1766203200000,88183.8,88268.9,88097.3,88233.7,13.92556734
2025-12-20 05:00:00,1766206800000,88233.7,88513.3,88233.7,88263.2,28.8736205
2025-12-20 06:00:00,1766210400000,88263.2,88400.7,88238.9,88268.9,6.30596983
2025-12-20 07:00:00,1766214000000,88268.9,88293.9,88158.1,88217.4,3.9509529
2025-12-20 08:00:00,1766217600000,88222.9,88381.5,88222.9,88230.1,5.38261661
2025-12-20 09:00:00,1766221200000,88230.1,88300.6,88199.7,88205.1,2.79088226
2025-12-20 10:00:00,1766224800000,88205.1,88218.5,88091.3,88101.5,5.83034019
2025-12-20 11:00:00,1766228400000,88101.6,88273.8,88078.5,88246.8,33.26654242
2025-12-20 12:00:00,1766232000000,88246.8,88281.9,88150.2,88201.1,3.41918087
2025-12-20 13:00:00,1766235600000,88201.1,88288.5,87800.0,88221.3,42.31387226
2025-12-20 14:00:00,1766239200000,88221.3,88221.3,87979.4,88219.8,22.35617266
2025-12-20 15:00:00,1766242800000,88219.8,88219.8,87994.5,88140.9,23.97354798
2025-12-20 16:00:00,1766246400000,88140.9,88173.7,88094.7,88115.4,19.62405212
2025-12-20 17:00:00,1766250000000,88115.4,88200.0,88078.5,88150.6,5.57237119
2025-12-20 18:00:00,1766253600000,88150.6,88354.2,88125.2,88282.7,26.79736135
2025-12-20 19:00:00,1766257200000,88282.7,88296.4,88173.7,88178.2,30.43976343
2025-12-20 20:00:00,1766260800000,88178.3,88280.9,88178.0,88246.4,29.52663539
2025-12-20 21:00:00,1766264400000,88246.4,88423.0,88066.9,88163.8,160.97512153
2025-12-20 22:00:00,1766268000000,88163.8,88289.0,88132.1,88268.8,15.11706361
2025-12-20 23:00:00,1766271600000,88268.8,88359.5,88237.9,88338.1,26.88893258
2025-12-21 00:00:00,1766275200000,88338.1,88383.6,88274.1,88321.0,11.70683976
2025-12-21 01:00:00,1766278800000,88321.0,88321.0,88003.4,88003.4,13.58701634
2025-12-21 02:00:00,1766282400000,88003.4,88078.5,87851.3,87921.1,116.56418977
2025-12-21 03:00:00,1766286000000,87921.1,88112.4,87909.8,88029.6,9.24068809
2025-12-21 04:00:00,1766289600000,88029.6,88126.6,88029.5,88051.3,43.69133196
2025-12-21 05:00:00,1766293200000,88051.3,88139.8,88034.3,88109.5,31.74838766
2025-12-21 06:00:00,1766296800000,88109.5,88149.0,88029.5,88068.2,3.95767575
2025-12-21 07:00:00,1766300400000,88068.3,88118.0,88038.2,88117.9,6.75518796
2025-12-21 08:00:00,1766304000000,88118.0,88694.3,88118.0,88505.5,24.4071824
2025-12-21 09:00:00,1766307600000,88505.6,89013.9,88491.3,88840.5,66.29110902
2025-12-21 10:00:00,1766311200000,88840.5,88908.4,88557.9,88607.3,27.43900795
2025-12-21 11:00:00,1766314800000,88607.3,88717.4,88543.8,88585.5,14.12952342
2025-12-21 12:00:00,1766318400000,88585.5,88905.9,88470.9,88590.9,35.12947382
2025-12-21 13:00:00,1766322000000,88598.8,88652.2,87610.7,87653.7,72.52667942
2025-12-21 14:00:00,1766325600000,87653.7,88100.1,87601.8,88026.2,105.25329172
2025-12-21 15:00:00,1766329200000,88026.2,88215.3,87770.9,88025.4,26.25578573
2025-12-21 16:00:00,1766332800000,88025.5,88311.8,87976.8,88311.8,11.52797044
2025-12-21 17:00:00,1766336400000,88311.8,88446.7,88255.2,88295.2,27.31634665
2025-12-21 18:00:00,1766340000000,88295.3,88419.9,87942.9,88419.9,19.65737288
2025-12-21 19:00:00,1766343600000,88419.9,88566.4,88189.0,88458.0,26.56525222
2025-12-21 20:00:00,1766347200000,88458.0,88458.0,88202.3,88208.4,17.06434978
2025-12-21 21:00:00,1766350800000,88208.4,88346.0,88093.5,88142.3,11.44475697
2025-12-21 22:00:00,1766354400000,88142.3,88436.0,88107.2,88436.0,13.08111836
2025-12-21 23:00:00,1766358000000,88436.0,88782.1,88343.7,88622.2,47.69530168
2025-12-22 00:00:00,1766361600000,88623.7,89567.6,88566.4,88627.0,190.97203674
2025-12-22 01:00:00,1766365200000,88627.1,89238.6,88500.0,88615.3,74.32468347
2025-12-22 02:00:00,1766368800000,88605.9,88605.9,87863.6,88451.4,76.47464019
2025-12-22 03:00:00,1766372400000,88451.4,88809.8,88282.4,88771.7,9.71927938
2025-12-22 04:00:00,1766376000000,88771.7,88984.0,88702.7,88885.2,67.15823573
2025-12-22 05:00:00,1766379600000,88885.2,88944.5,88751.0,88805.3,24.04677867
2025-12-22 06:00:00,1766383200000,88797.4,88953.5,88708.4,88871.2,44.95384849
2025-12-22 07:00:00,1766386800000,88871.3,89146.4,88871.3,89130.2,40.62818294
2025-12-22 08:00:00,1766390400000,89131.4,89874.3,89095.5,89284.6,71.97978516
2025-12-22 09:00:00,1766394000000,89284.6,89786.4,89275.0,89785.5,23.88648274
2025-12-22 10:00:00,1766397600000,89785.5,89807.8,89586.8,89745.9,43.91231361
2025-12-22 11:00:00,1766401200000,89746.0,90045.2,89629.5,89907.6,190.28717382
2025-12-22 12:00:00,1766404800000,89907.6,90552.6,89841.0,90178.5,223.47546197
2025-12-22 13:00:00,1766408400000,90178.5,90287.1,89693.4,89862.8,216.1403004
2025-12-22 14:00:00,1766412000000,89872.6,90244.9,89414.6,90097.0,132.45018144
2025-12-22 15:00:00,1766415600000,90097.0,90391.7,89152.3,89702.4,207.03413893
2025-12-22 16:00:00,1766419200000,89702.4,90058.9,89505.4,89513.7,73.1316777
2025-12-22 17:00:00,1766422800000,89512.7,89525.9,89031.8,89273.8,60.22388669
2025-12-22 18:00:00,1766426400000,89273.8,89478.9,89112.4,89115.9,58.42301859
2025-12-22 19:00:00,1766430000000,89112.5,89112.5,87940.1,88041.1,195.06146533
2025-12-22 20:00:00,1766433600000,88018.6,88417.8,87889.0,88309.4,108.93822464
2025-12-22 21:00:00,1766437200000,88309.5,88566.5,88200.0,88222.6,39.39349106
2025-12-22 22:00:00,1766440800000,88237.0,88761.4,88139.1,88609.9,34.07196501
2025-12-22 23:00:00,1766444400000,88610.0,88636.2,88389.8,88544.2,24.25973672
2025-12-23 00:00:00,1766448000000,88550.5,88888.8,88462.8,88727.9,21.48964835
2025-12-23 01:00:00,1766451600000,88727.9,88827.1,88398.5,88469.1,16.22242439
2025-12-23 02:00:00,1766455200000,88469.1,88690.0,88089.6,88143.4,47.42938298
2025-12-23 03:00:00,1766458800000,88143.4,88301.2,87740.4,88128.9,40.59733864
2025-12-23 04:00:00,1766462400000,88121.6,88298.0,87897.1,87897.2,20.67628492
2025-12-23 05:00:00,1766466000000,87897.2,87959.4,87581.9,87688.8,48.26874696
2025-12-23 06:00:00,1766469600000,87695.4,87701.8,87000.0,87360.1,74.10690827
2025-12-23 07:00:00,1766473200000,87360.1,87604.7,87338.3,87505.5,19.50774581
2025-12-23 08:00:00,1766476800000,87505.6,87611.0,87400.0,87401.1,44.14625733
2025-12-23 09:00:00,1766480400000,87401.2,87550.8,87260.2,87477.3,53.96230577
2025-12-23 10:00:00,1766484000000,87477.3,87586.0,87432.6,87544.0,43.90905903
2025-12-23 11:00:00,1766487600000,87544.1,87817.5,87521.1,87816.9,19.6632165
2025-12-23 12:00:00,1766491200000,87816.9,87903.4,87566.5,87758.1,58.76346372
2025-12-23 13:00:00,1766494800000,87758.2,87832.2,87381.7,87579.2,37.38742605
2025-12-23 14:00:00,1766498400000,87579.3,87789.1,86553.3,86834.2,114.58602972
2025-12-23 15:00:00,1766502000000,86834.2,87504.0,86674.5,87391.5,86.38117456
2025-12-23 16:00:00,1766505600000,87391.6,88110.7,87281.7,87962.7,265.21202438
2025-12-23 17:00:00,1766509200000,87962.7,88205.9,87127.2,87141.1,112.16766726
2025-12-23 18:00:00,1766512800000,87141.0,88109.6,87123.5,87929.0,88.80715519
2025-12-23 19:00:00,1766516400000,87929.1,87989.7,87589.8,87690.0,59.45034707
2025-12-23 20:00:00,1766520000000,87690.0,88289.0,87488.0,87627.3,113.88923382
2025-12-23 21:00:00,1766523600000,87615.3,87796.6,87484.9,87649.2,43.97304263
2025-12-23 22:00:00,1766527200000,87649.2,87729.0,87216.6,87336.3,34.25340432
2025-12-23 23:00:00,1766530800000,87336.3,87454.0,87154.0,87416.4,142.44134907
2025-12-24 00:00:00,1766534400000,87416.4,87609.9,87226.2,87599.7,41.24062488
2025-12-24 01:00:00,1766538000000,87599.8,87752.0,87467.2,87604.6,19.36062769
2025-12-24 02:00:00,1766541600000,87604.6,87604.6,86900.0,87091.8,56.94873572
2025-12-24 03:00:00,1766545200000,87091.8,87335.5,86814.0,87274.0,81.24076416
2025-12-24 04:00:00,1766548800000,87274.0,87384.2,87050.1,87079.2,22.79960564
2025-12-24 05:00:00,1766552400000,87079.3,87179.4,86750.0,86898.7,36.34115129
2025-12-24 06:00:00,1766556000000,86898.8,86993.0,86753.5,86959.7,11.14581642
2025-12-24 07:00:00,1766559600000,86959.7,87095.0,86870.9,86870.9,28.45754835
2025-12-24 08:00:00,1766563200000,86870.9,87011.2,86715.7,86715.8,8.85679404
2025-12-24 09:00:00,1766566800000,86715.8,86832.2,86694.9,86749.5,27.03575612
2025-12-24 10:00:00,1766570400000,86749.6,87120.0,86749.5,87021.0,32.55079859
2025-12-24 11:00:00,1766574000000,87021.1,87279.4,87021.1,87155.9,26.5514086
2025-12-24 12:00:00,1766577600000,87156.0,87417.9,87096.2,87383.8,66.70149907
2025-12-24 13:00:00,1766581200000,87383.8,87383.8,86998.0,87238.8,59.58926796
2025-12-24 14:00:00,1766584800000,87238.8,87372.9,86271.4,86911.7,225.25956153
2025-12-24 15:00:00,1766588400000,86917.0,87130.1,86542.1,86979.4,142.86391778
2025-12-24 16:00:00,1766592000000,86979.5,87583.7,86856.6,87210.0,59.48220684
2025-12-24 17:00:00,1766595600000,87210.0,87487.9,87183.0,87250.7,29.40957864
2025-12-24 18:00:00,1766599200000,87250.8,87443.4,87182.9,87404.5,202.06472306
2025-12-24 19:00:00,1766602800000,87404.6,87500.0,87295.2,87498.8,24.24171993
2025-12-24 20:00:00,1766606400000,87498.8,87599.0,87488.0,87496.2,38.25315362
2025-12-24 21:00:00,1766610000000,87496.2,87709.9,87496.1,87634.7,17.26712489
2025-12-24 22:00:00,1766613600000,87634.7,87973.3,87624.8,87940.1,132.64316272
2025-12-24 23:00:00,1766617200000,87940.1,87940.1,87517.6,87613.7,78.36333392
2025-12-25 00:00:00,1766620800000,87613.7,87678.7,87488.0,87488.1,7.8918394
2025-12-25 01:00:00,1766624400000,87488.1,87693.9,87488.0,87631.2,10.95037853
2025-12-25 02:00:00,1766628000000,87631.3,87888.0,87542.6,87844.0,15.7129537
2025-12-25 03:00:00,1766631600000,87844.1,87848.0,87709.6,87793.1,9.23575522
2025-12-25 04:00:00,1766635200000,87793.1,87793.1,87700.0,87767.0,7.10490586
2025-12-25 05:00:00,1766638800000,87767.0,87767.0,87592.1,87711.4,23.05854698
2025-12-25 06:00:00,1766642400000,87711.4,87759.2,87650.3,87759.2,26.76146045
2025-12-25 07:00:00,1766646000000,87759.2,87786.4,87702.5,87786.4,8.1722407
2025-12-25 08:00:00,1766649600000,87786.4,87840.9,87309.0,87528.2,9.19104778
2025-12-25 09:00:00,1766653200000,87528.2,87528.2,87393.9,87460.6,20.16119147
2025-12-25 10:00:00,1766656800000,87460.6,87460.6,87227.1,87364.5,8.597808
2025-12-25 11:00:00,1766660400000,87364.5,87532.5,87364.4,87462.4,6.71885311
2025-12-25 12:00:00,1766664000000,87462.4,87520.1,87448.1,87488.1,4.45131981
2025-12-25 13:00:00,1766667600000,87488.1,87603.3,87359.0,87582.9,10.20519971
2025-12-25 14:00:00,1766671200000,87582.9,87691.4,87514.7,87667.5,5.72021328
2025-12-25 15:00:00,1766674800000,87667.5,88547.9,87667.5,88265.8,120.1494061
2025-12-25 16:00:00,1766678400000,88282.8,88396.7,87954.9,88048.6,34.46078
2025-12-25 17:00:00,1766682000000,88048.6,88116.9,87965.5,88081.4,59.12777952
2025-12-25 18:00:00,1766685600000,88081.4,88256.0,88081.3,88178.5,30.44009238
2025-12-25 19:00:00,1766689200000,88178.6,88178.6,88013.0,88088.0,8.92359089
2025-12-25 20:00:00,1766692800000,88088.0,88100.0,87571.7,87833.1,52.36385827
2025-12-25 21:00:00,1766696400000,87833.2,87912.3,87765.0,87838.8,8.86009477
2025-12-25 22:00:00,1766700000000,87838.8,87843.9,87290.0,87589.8,34.51245835
2025-12-25 23:00:00,1766703600000,87589.8,87691.8,86944.9,87198.0,51.51315248
2025-12-26 00:00:00,1766707200000,87183.0,87271.3,86848.0,87052.0,138.12570716
2025-12-26 01:00:00,1766710800000,87052.0,87405.2,87051.9,87370.2,39.88842558
2025-12-26 02:00:00,1766714400000,87370.2,89332.9,87370.1,89099.9,215.96674297
2025-12-26 03:00:00,1766718000000,89100.0,89181.6,88625.0,88736.5,101.06909727
2025-12-26 04:00:00,1766721600000,88736.5,89043.4,88460.9,88897.7,37.95474325
2025-12-26 05:00:00,1766725200000,88897.8,88934.0,88766.5,88933.9,17.6698552
2025-12-26 06:00:00,1766728800000,88934.0,89171.7,88933.5,89053.1,31.60046816
2025-12-26 07:00:00,1766732400000,89053.1,89484.6,88292.1,88374.9,202.14916275
2025-12-26 08:00:00,1766736000000,88375.0,88798.3,88358.5,88674.8,37.43876054
2025-12-26 09:00:00,1766739600000,88674.8,88820.1,88607.3,88749.9,9.44773844
2025-12-26 10:00:00,1766743200000,88749.9,88809.4,88611.1,88699.2,12.91100449
2025-12-26 11:00:00,1766746800000,88699.2,88699.2,88484.2,88498.5,41.27263455
2025-12-26 12:00:00,1766750400000,88498.5,88679.3,88498.4,88612.4,16.55341512
2025-12-26 13:00:00,1766754000000,88612.4,88979.6,88581.7,88961.8,24.36746344
2025-12-26 14:00:00,1766757600000,88961.8,88992.6,87290.3,87367.2,106.58554771
2025-12-26 15:00:00,1766761200000,87341.2,87341.2,86611.7,87066.1,242.75186113
2025-12-26 16:00:00,1766764800000,87066.1,87287.7,86762.7,86783.1,99.39652268
2025-12-26 17:00:00,1766768400000,86783.1,87363.3,86755.6,87232.5,51.34948674
2025-12-26 18:00:00,1766772000000,87232.5,87289.7,87053.5,87200.7,86.11261329
2025-12-26 19:00:00,1766775600000,87200.8,87505.0,87167.8,87437.2,20.21208203
2025-12-26 20:00:00,1766779200000,87437.2,87709.9,87324.7,87501.9,29.74842168
2025-12-26 21:00:00,1766782800000,87501.9,87615.1,87400.0,87400.1,33.75397824
2025-12-26 22:00:00,1766786400000,87400.1,87497.1,87260.0,87476.8,21.62160243
2025-12-26 23:00:00,1766790000000,87476.6,87476.6,87272.9,87303.6,16.07410981
2025-12-27 00:00:00,1766793600000,87303.6,87342.1,87177.5,87342.1,22.98420616
2025-12-27 01:00:00,1766797200000,87342.1,87411.4,87289.7,87411.4,8.58351079
2025-12-27 02:00:00,1766800800000,87411.4,87437.7,87338.2,87374.7,6.36556574
2025-12-27 03:00:00,1766804400000,87374.8,87446.7,87333.5,87446.7,8.67305426
2025-12-27 04:00:00,1766808000000,87446.7,87446.7,87402.0,87402.3,4.53806862
2025-12-27 05:00:00,1766811600000,87402.3,87440.0,87390.8,87440.0,5.5156485
2025-12-27 06:00:00,1766815200000,87440.0,87485.0,87362.8,87384.1,7.91733543
2025-12-27 07:00:00,1766818800000,87384.1,87647.9,87384.0,87467.5,14.54302697
2025-12-27 08:00:00,1766822400000,87467.5,87609.9,87467.4,87530.2,8.03633047
2025-12-27 09:00:00,1766826000000,87530.2,87606.9,87493.1,87559.4,35.08682124
2025-12-27 10:00:00,1766829600000,87559.4,87559.4,87323.7,87445.6,4.18842933
2025-12-27 11:00:00,1766833200000,87445.7,87484.5,87403.7,87416.6,6.58295894
2025-12-27 12:00:00,1766836800000,87416.6,87455.2,87400.0,87414.6,24.09837852
2025-12-27 13:00:00,1766840400000,87414.6,87416.1,87275.3,87399.0,19.60730542
2025-12-27 14:00:00,1766844000000,87399.1,87474.1,87208.4,87474.1,116.23131248
2025-12-27 15:00:00,1766847600000,87474.1,87515.1,87438.5,87491.3,14.79064506
2025-12-27 16:00:00,1766851200000,87491.3,87518.0,87400.3,87443.6,9.7099814
2025-12-27 17:00:00,1766854800000,87443.7,87493.0,87411.6,87493.0,5.83258872
2025-12-27 18:00:00,1766858400000,87493.0,87493.0,87402.6,87427.6,9.27924373
2025-12-27 19:00:00,1766862000000,87427.7,87518.0,87427.6,87501.0,14.60849119
2025-12-27 20:00:00,1766865600000,87501.0,87548.9,87481.8,87501.3,9.03298407
2025-12-27 21:00:00,1766869200000,87501.3,87601.6,87501.2,87601.5,9.93527937
2025-12-27 22:00:00,1766872800000,87601.5,87866.0,87463.2,87527.0,29.63214777
2025-12-27 23:00:00,1766876400000,87507.7,87913.3,87505.0,87802.6,20.97732433
2025-12-28 00:00:00,1766880000000,87814.4,87874.8,87637.8,87784.8,25.41972449
2025-12-28 01:00:00,1766883600000,87784.8,87853.7,87659.4,87722.1,73.41073974
2025-12-28 02:00:00,1766887200000,87722.1,87786.0,87690.1,87739.6,9.04023328
2025-12-28 03:00:00,1766890800000,87739.6,87752.9,87676.0,87685.9,5.77234864
2025-12-28 04:00:00,1766894400000,87680.3,87769.6,87590.3,87651.5,56.03399525
2025-12-28 05:00:00,1766898000000,87651.5,87651.5,87551.1,87578.9,5.52084749
2025-12-28 06:00:00,1766901600000,87579.0,87722.3,87576.2,87669.7,5.66757108
2025-12-28 07:00:00,1766905200000,87669.8,87669.8,87595.9,87651.0,5.19188187
2025-12-28 08:00:00,1766908800000,87651.0,87892.6,87650.9,87728.7,5.49365095
2025-12-28 09:00:00,1766912400000,87728.7,87831.1,87653.0,87708.1,14.13842808
2025-12-28 10:00:00,1766916000000,87708.2,87955.9,87708.2,87782.7,33.02209164
2025-12-28 11:00:00,1766919600000,87782.7,87844.3,87737.8,87792.8,49.69919413
2025-12-28 12:00:00,1766923200000,87792.8,87800.0,87735.4,87772.5,36.08550343
2025-12-28 13:00:00,1766926800000,87772.5,87861.1,87755.6,87830.1,53.54004637
2025-12-28 14:00:00,1766930400000,87830.1,87998.9,87830.0,87858.6,45.51469155
2025-12-28 15:00:00,1766934000000,87858.6,87921.6,87748.6,87774.9,5.74904431
2025-12-28 16:00:00,1766937600000,87774.9,87821.9,87694.0,87750.0,6.49054071
2025-12-28 17:00:00,1766941200000,87750.0,87858.3,87683.4,87684.5,20.41142303
2025-12-28 18:00:00,1766944800000,87684.5,87684.5,87426.2,87532.3,52.7242971
2025-12-28 19:00:00,1766948400000,87532.4,87608.6,87450.0,87472.1,29.73235467
2025-12-28 20:00:00,1766952000000,87472.2,87568.9,87364.3,87470.1,17.21413582
2025-12-28 21:00:00,1766955600000,87459.3,87525.8,87382.4,87500.1,8.07139123
2025-12-28 22:00:00,1766959200000,87500.1,87899.5,87431.0,87826.4,29.56528788
2025-12-28 23:00:00,1766962800000,87826.4,87950.0,87585.4,87853.3,65.72068933
2025-12-29 00:00:00,1766966400000,87865.9,88343.5,87759.9,88225.9,96.76724205
2025-12-29 01:00:00,1766970000000,88226.0,88386.0,87776.7,88358.7,64.37740464
2025-12-29 02:00:00,1766973600000,88358.7,89270.7,88358.7,89075.9,321.37368802
2025-12-29 03:00:00,1766977200000,89076.0,90049.9,89008.6,90005.4,190.85505555
2025-12-29 04:00:00,1766980800000,90005.5,90298.9,89855.9,90068.3,271.06337907
2025-12-29 05:00:00,1766984400000,90068.3,90194.2,89827.4,89911.7,105.56009872
2025-12-29 06:00:00,1766988000000,89911.7,90045.0,89654.2,89663.0,113.70804003
2025-12-29 07:00:00,1766991600000,89663.0,89744.6,89415.3,89491.5,70.37920526
2025-12-29 08:00:00,1766995200000,89491.6,89725.4,89350.4,89420.3,47.55375619
2025-12-29 09:00:00,1766998800000,89419.1,89479.9,87678.0,87998.9,216.04057963
2025-12-29 10:00:00,1767002400000,87998.9,88148.9,87569.0,87686.1,50.47974125
2025-12-29 11:00:00,1767006000000,87686.1,87686.1,87489.0,87489.0,37.32595087
2025-12-29 12:00:00,1767009600000,87485.0,87510.7,86700.0,87267.8,282.00837834
2025-12-29 13:00:00,1767013200000,87267.8,87415.4,87070.2,87260.8,71.07004046
2025-12-29 14:00:00,1767016800000,87260.8,88089.6,87151.2,87325.6,329.55195879
2025-12-29 15:00:00,1767020400000,87325.7,87786.5,87122.8,87587.3,90.66679892
2025-12-29 16:00:00,1767024000000,87587.4,87750.3,87352.8,87536.7,51.58680066
2025-12-29 17:00:00,1767027600000,87536.7,87730.9,87258.5,87730.9,32.90891304
2025-12-29 18:00:00,1767031200000,87730.9,87888.2,87269.0,87333.2,121.61283174
2025-12-29 19:00:00,1767034800000,87350.0,87548.9,87214.2,87253.9,49.28759052
2025-12-29 20:00:00,1767038400000,87253.9,87470.0,86963.4,87095.5,92.83197432
2025-12-29 21:00:00,1767042000000,87095.6,87261.0,87066.2,87220.4,19.53834526
2025-12-29 22:00:00,1767045600000,87220.5,87272.2,86985.1,87231.2,50.97947308
2025-12-29 23:00:00,1767049200000,87231.2,87270.3,87067.6,87135.1,22.60202617
2025-12-30 00:00:00,1767052800000,87135.1,87235.7,87000.0,87144.3,13.34886241
2025-12-30 01:00:00,1767056400000,87144.3,87231.7,87022.8,87191.3,9.86294864
2025-12-30 02:00:00,1767060000000,87191.3,87226.2,86892.8,86974.9,24.79652345
2025-12-30 03:00:00,1767063600000,86975.0,87300.4,86736.5,87251.0,49.89902026
2025-12-30 04:00:00,1767067200000,87251.0,87352.8,87180.6,87204.4,21.48246174
2025-12-30 05:00:00,1767070800000,87204.4,87239.2,87046.5,87114.3,12.15450773
2025-12-30 06:00:00,1767074400000,87114.3,87394.7,87114.2,87320.6,25.10452973
2025-12-30 07:00:00,1767078000000,87320.6,87478.6,87279.9,87372.6,17.93314249
2025-12-30 08:00:00,1767081600000,87372.6,88081.4,87372.6,87763.2,49.39394721
2025-12-30 09:00:00,1767085200000,87763.2,87918.7,87536.9,87875.1,58.38357134
2025-12-30 10:00:00,1767088800000,87875.1,88061.0,87752.8,87843.3,87.31095358
2025-12-30 11:00:00,1767092400000,87843.3,87888.8,87652.6,87775.1,31.34722416
2025-12-30 12:00:00,1767096000000,87775.1,87973.5,87775.1,87883.8,41.87321559
2025-12-30 13:00:00,1767099600000,87883.9,88030.1,87810.1,88003.9,18.34190446
2025-12-30 14:00:00,1767103200000,88004.0,88872.5,87720.2,88752.2,127.41854315
2025-12-30 15:00:00,1767106800000,88759.4,89035.3,88101.2,88902.8,111.98513552
2025-12-30 16:00:00,1767110400000,88902.9,89298.0,88474.4,88643.1,134.35268362
2025-12-30 17:00:00,1767114000000,88643.2,88810.9,88052.6,88293.2,90.10300219
2025-12-30 18:00:00,1767117600000,88293.2,88419.3,88039.0,88250.0,66.88356587
2025-12-30 19:00:00,1767121200000,88250.1,88328.5,87889.4,88140.4,60.29991281
2025-12-30 20:00:00,1767124800000,88140.4,88140.4,87808.6,87820.2,36.08648267
2025-12-30 21:00:00,1767128400000,87820.2,88240.1,87809.7,88172.4,26.52126292
2025-12-30 22:00:00,1767132000000,88172.4,88375.4,88172.3,88317.2,36.39412354
2025-12-30 23:00:00,1767135600000,88317.2,88478.5,88273.9,88401.9,28.27230318
2025-12-31 00:00:00,1767139200000,88400.1,88400.1,88167.0,88167.1,23.49040245
2025-12-31 01:00:00,1767142800000,88167.1,88662.2,88068.9,88550.2,57.58120583
2025-12-31 02:00:00,1767146400000,88550.2,88630.8,88408.7,88568.2,22.91905421
2025-12-31 03:00:00,1767150000000,88568.2,88683.5,88262.1,88329.9,37.47849602
2025-12-31 04:00:00,1767153600000,88330.0,88411.0,88228.3,88228.4,22.55201549
2025-12-31 05:00:00,1767157200000,88228.4,88400.0,88228.3,88349.3,14.78169583
2025-12-31 06:00:00,1767160800000,88349.3,88438.4,88349.2,88389.5,13.60589706
2025-12-31 07:00:00,1767164400000,88389.5,88500.0,88324.8,88500.0,8.95665033
2025-12-31 08:00:00,1767168000000,88500.0,88500.0,88499.9,88500.0,0.06388959
